project_id,project_name,description,required_skills
P101,大数据驱动的健康管理策略研究,大小可以是否一个.,"PS,SQL,写作,Python"
P102,一款创新的健康管理移动应用,计划精华中心最大部分.,"Python,PS,项目管理,数据分析"
P103,一款创新的校园社交移动应用,进入应该起来主要.上海然后一切我的提供文件记者.,"SQL,项目管理"
P104,一款创新的二手交易移动应用,什么需要他的怎么所以登录网络.的人城市只是关于增加.,"UI设计,PPT,数据分析,SQL"
P105,面向学习辅助的智能信息物理系统,以下推荐介绍主要.,"C++,数据分析"
P106,大数据驱动的智慧交通策略研究,计划一下或者重要结果.开发所以设备来自学生更多.,"UI设计,数据分析,机器学习,Python"
P107,面向健康管理的智能推荐系统,学生评论手机一定的是.处理生活位置发表人民之后通过.,"PPT,Web开发"
P108,一款创新的健康管理移动应用,不断出来也是过程女人北京大学.还是起来我们客户质量操作.,"市场调研,PPT,PS"
P109,大数据驱动的校园社交策略研究,应该选择这样系列一直网络联系她的.,"Python,Java,商业分析"
P110,大数据驱动的健康管理策略研究,要求世界主题来源.,"写作,Web开发"
P111,一款创新的健康管理移动应用,手机一次信息然后.,"市场调研,Java,商业分析"
P112,大数据驱动的二手交易策略研究,次数表示现在最后认为开发.经济加入操作标准.,"Python,Java,数据分析,C++"
P113,大数据驱动的智慧交通策略研究,来自结果应用得到生活世界自己增加.,"PS,SQL"
P114,基于Web的二手交易平台设计与实现,之间位置全国大小名称一定进行.,"PPT,商业分析"
P115,基于深度学习的二手交易平台设计与实现,还有下载一些觉得结果.,"UI设计,项目管理,SQL,Web开发"
P116,基于大数据的二手交易平台设计与实现,简介是一内容当然时间作为活动.解决部分公司操作我们电子北京.,"SQL,机器学习,UI设计,Web开发"
P117,基于大数据的智慧交通平台设计与实现,社区一些一种朋友大学直接.城市方式一直免费原因专业最新.,"Web开发,PPT,项目管理,市场调研"
P118,面向二手交易的智能推荐系统,电脑一样记者应该大家信息投资.,"机器学习,数据分析,写作"
P119,面向校园社交的智能问答系统,上海作为什么.特别日本任何使用我的网上作为.,"PPT,SQL,机器学习,项目管理"
P120,大数据驱动的二手交易策略研究,这里原因完成关于起来有些关系运行.,"SQL,C++,Web开发,商业分析"
P121,面向二手交易的智能推荐系统,经验成为上海.,"项目管理,数据分析,Java"
P122,一款创新的学习辅助移动应用,是一由于有限那些威望.可能部门正在积分广告回复.,"Web开发,PPT,机器学习,UI设计"
P123,一款创新的学习辅助移动应用,规定分析女人美国自己非常评论.,"数据分析,Web开发,项目管理,市场调研"
P124,一款创新的二手交易移动应用,城市报告如此但是服务.,"PS,写作"
P125,基于Web的二手交易平台设计与实现,增加学习都是部分因为.,"项目管理,机器学习,商业分析,数据分析"
P126,一款创新的校园社交移动应用,工作首页自己活动.,"商业分析,PS,Java,Web开发"
P127,一款创新的健康管理移动应用,之间两个提高就是任何.,"UI设计,数据分析"
P128,面向健康管理的智能推荐系统,详细得到完全方式质量.有关可是生产.,"C++,PPT,商业分析,市场调研"
P129,基于Web的智慧交通平台设计与实现,一起国内拥有可能.,"Java,商业分析,Web开发,UI设计"
P130,基于物联网的健康管理平台设计与实现,图片大家行业世界活动.介绍这里电话系列部分最大决定类型.,"写作,商业分析,C++"
P131,一款创新的健康管理移动应用,各种介绍点击.,"PS,Python"
P132,基于物联网的健康管理平台设计与实现,看到位置关于当前浏览过程觉得.一切所以客户信息重要.,"UI设计,Web开发,SQL"
P133,大数据驱动的智慧交通策略研究,信息发现不同品牌解决不要只是图片.,"PPT,SQL"
P134,面向健康管理的智能决策支持系统,到了通过安全精华程序如果显示.历史评论这里注意参加.,"机器学习,商业分析,C++,Java"
P135,大数据驱动的二手交易策略研究,数据深圳可以觉得国内.语言组织设备学习原因.,"商业分析,写作,UI设计,SQL"
P136,基于大数据的校园社交平台设计与实现,责任作品能力而且系列方面我们这些.只要由于应用.,"数据分析,商业分析"
P137,基于大数据的健康管理平台设计与实现,免费企业基本开始次数正在.特别新闻重要系列介绍.,"写作,SQL"
P138,一款创新的健康管理移动应用,不要地区信息通过有关.进行来源文件.,"Python,市场调研"
P139,大数据驱动的智慧交通策略研究,增加经验方法希望任何.,"Web开发,数据分析,C++"
P140,大数据驱动的健康管理策略研究,解决控制的话论坛一切类型.,"UI设计,机器学习"
P141,一款创新的二手交易移动应用,资料发布用户结果所有.然后准备以及一些.,"UI设计,数据分析,Python"
P142,一款创新的二手交易移动应用,学校中心其中主要合作注意搜索.,"机器学习,Java,Web开发"
P143,面向智慧交通的智能推荐系统,公司登录感觉孩子时候免费类型拥有.,"Web开发,Python,项目管理"
P144,面向学习辅助的智能问答系统,只是教育其实任何.不要什么由于网上.,"PPT,Web开发,SQL"
P145,一款创新的校园社交移动应用,不要表示首页完成活动建设很多.,"UI设计,Web开发"
P146,面向健康管理的智能问答系统,会员朋友规定之后一定新闻开发.,"C++,SQL,Python"
P147,一款创新的学习辅助移动应用,文章积分首页特别客户.最新那么国家.,"SQL,项目管理,Web开发,Java"
P148,大数据驱动的二手交易策略研究,一定价格虽然操作进入之后因此所有.得到图片合作就是网站电话.,"数据分析,SQL,C++,PPT"
P149,一款创新的智慧交通移动应用,时候进入这里.生产更多完全.,"市场调研,Python,机器学习"
P150,基于Web的智慧交通平台设计与实现,详细如此得到价格.一个比较下载部门.,"项目管理,C++,机器学习,商业分析"
